﻿编号,学校,研究科,専攻・コース,考试时期,考试类别,ランク,学校类型,可入学时间,专业类型,到出愿结束有,出願期間,出愿开始时间,出愿结束时间,考试期间,考试开始时间,考试结束时间,合格发表,考试科目,考试内容解析,书类选考,是否需要套磁,日语能力要求,是否需要rp,英语成绩,英语成绩提交方式,出愿材料清单,需额外注意的出愿材料,是否推荐学生报考,推荐理由与备注,有中国人的研究室,募集要项,官网链接,研究生申请-募集要项,最后更新时间,信息错误报告,自动化提醒,GroupKey,同groupkey下的编号最小值,是否唯一提醒,对应专攻,更新人,学校研究科专攻,状态,变更说明,最后检查时间,严重程度
34,東京大学,工学系研究科,システム創成学専攻,冬入,一般入试,"1 S级,7 上位","帝大,国公立,首都圈",2026年4月,"机械,情报,电气",20天,出願期間：11月28日（金）～12月4日（木）午後3時,2025-11-28 10:00,2025-12-04 17:00,"１月２０日（火）
〜
１月２１日（水）",2026-01-20 10:00,2026-01-20 17:00,,"· 口述試験（一般試験）：卒業論文の研究、卒業論文として予定している研究、または卒業論文に相当する研究、ならびに修士課程での研究構想についてオンラインで質問を行い、
専門分野の学術知識、修士課程への準備状況、研究遂行能力等につき試問する。受験方法や試験時間、注意事項の詳細は、12月25日（木）までに本専攻ホームページで通知する。

· 口述試験（専門試験）：事前に与えられた専門課題に対する解答書を提出し、その内容についてオンラインで専門試験を行なう。受験方法や試験時間、注意事項の詳細は、12月25
日（木）までに本専攻ホームページで通知する。
",,是,强烈建议套磁,零基础,需要,TOFEL iBT,"仅托福，以下都需要做：
①托福送分
②在「WEB 出願システム」上传Appointment Number 、考试日期、Test Taker Score Report （pdf）

提出締め切り：1月8日（木）

https://www.t.u-tokyo.ac.jp/hubfs/TOEFL_2026(J).pdf
","6本科成绩单 英文版,7毕业证明 英文版,10英语成绩证明,17考试费支付证明",,视情况而定,,"鈴木 (英)・宝谷研究室, 藤井研究室, 福井・羽柴研究室, 早矢仕研究室, 福井・羽柴研究室, ドドビバ研究室, 所・高谷研究室, 辻研究室, 田中謙司研究室, 所・高谷研究室, 鈴木 (英)・宝谷研究室, 島田研究室, 柴崎研究室, エネルギー流体工学研究室, 小林研究室, 海洋生態系工学研究室, 川崎研究室, 大田研究室, 和泉研究室, 大澤研究室, 島田研究室, 中尾研究室, 青山研究室, 「構造健全性診断学」岡部洋二研究室, 沖田研究室, 川畑研究室, 柴沼研究室, 構造研究室（鈴木・米倉研究室）, 髙橋·万研究室, 鳥海研究室, 山田研究室, 構造研究室（鈴木・米倉研究室）, 髙橋·万研究室",https://www.t.u-tokyo.ac.jp/hubfs/admission/2025/1027/36_J_2026_b.pdf,https://www.t.u-tokyo.ac.jp/study-at-utokyo/soe/apply/guideline,,2025-11-13,,提醒：个人自动化通知,東京大学|工学系研究科|冬入|2025-11-28,34,唯一提醒,,刘星炜,東京大学 - 工学系研究科 - システム創成学専攻,正常,未检测到变化 2025-11-20 11:54:04,2025-11-20 11:54:04,
2,東京大学,情報理工学系研究科,創造情報学,冬入,一般入试,"1 S级,7 上位","帝大,国公立,首都圈","2026年4月,2026年10月",情报,4天,"· 出愿受理：2025年11月12日-2025年11月18日。
",2025-11-12 09:00,2025-11-18 16:00,"· 书类结果：2025年12⽉19⽇
· 笔试：2026年1月29日 13:00-15:30
· 编程：2026年1月30日 13:00-15:30
· 面试：2026年2月2日（线上）",2026-01-29 09:00,2026-01-29 16:00,2026-02-12 23:00,"1. 编程：注重编程的正确率，重在完成而非完美，塾里有习题课课程可以学习

2. 专业课笔试（两题+名词解释）：
两道深度考察问题（针对性复习并做题）+一道概念解释题（大量学习各种科目中的基础知识）
软件/算法（比较基础）, 计算机硬件, 信息系统（算法，机组，OS，自动机（比较难），计网（非重点，比较复杂，频次不高），数电（重点））
3. 面试：笔试内容讨论，研究内容讨论，研究计划讨论，志愿调剂等（冬入所有人进面，10分钟以内）",,是,强烈建议套磁,零基础,需要,TOFEL iBT,"仅接受托福送分，托福送分期限：2025年12月9日，要求
1. 出愿之前取得托福iBT成绩
2. 请在出愿前完成送分，如果错过，出愿后也可以送分
3. 出愿时填写的「入学願書作成入力フォーム」中要记录Appointment Number和考试日期","6本科成绩单 英文版,7毕业证明 英文版,8学位证明 英文版,9预毕业证明 英文版,10英语成绩证明,13研究計画書,17考试费支付证明",入学时要提交毕业证明、学位证明、成绩单原本,推荐,"只看笔试，但rp也要尽量好好写
推荐科班出身的同学去考","千葉滋研究室, 千葉滋研究室, 数理情報第2研究室, 中山英樹研究室, 塩谷 研究室, 塚田研究室, グラフィックスと工学研究室, 暗号数理情報学研究室, ソーシャルICT研究センター, 猿渡・高道研究室, 中村・高瀬研究室, 原田・長・黒瀬・椋田研究室, 五十嵐研究室, 宮尾研究室, 江崎・落合研究室, 情報システム工学研究室(JSK)",https://www.i.u-tokyo.ac.jp/edu/entra/2026_admission-g_m_j.pdf,https://www.i.u-tokyo.ac.jp/edu/entra/index.shtml,,2025-11-13,,提醒：教务check进度,東京大学|情報理工学系研究科|冬入|2025-11-12,2,唯一提醒,,刘星炜,東京大学 - 情報理工学系研究科 - 創造情報学,正常,未检测到变化 2025-11-20 11:54:09,2025-11-20 11:54:09,
4,東京大学,情報理工学系研究科,電子情報学,冬入,一般入试,"1 S级,7 上位","帝大,国公立,首都圈","2026年4月,2026年10月","情报,电气",4天,"· 出愿受理：2025年11月12日-2025年11月18日。
",2025-11-12 09:00,2025-11-18 16:00,"· 书类结果：2025年12⽉19⽇
· 笔试：2026年1月20日
· 面试：2026年1月22日（线上）",2026-01-20 09:00,2026-01-20 16:00,2026-02-12 23:00,"1.专业课笔试（5选3）: 
1. 電気電子回路
2. 計算機アーキテクチャ，論理回路，
3 アルゴリズムとデータ構造，
4 最適化・機械学習，情報通信
5 信号処理，情報理論

2. 面试：笔试内容讨论，研究内容讨论，志愿调剂等
（两次（口述+面试），都是线上；笔试合格的人才参加口述，口述合格的参加面试）",,是,强烈建议套磁,零基础,需要,TOFEL iBT,"仅接受托福送分，托福送分期限：2025年12月9日，要求
1. 出愿之前取得托福iBT成绩
2. 请在出愿前完成送分，如果错过，出愿后也可以送分
3. 出愿时填写的「入学願書作成入力フォーム」中要记录Appointment Number和考试日期","6本科成绩单 英文版,7毕业证明 英文版,8学位证明 英文版,9预毕业证明 英文版,10英语成绩证明,13研究計画書,14推荐信,17考试费支付证明",入学时要提交毕业证明、学位证明、成绩单原本,推荐,"今年是最后一年冬入试
只看笔试，但rp也要尽量好好写;2025年4月；2025年开始
可以选择当年10月入学
面试不会问到研究计划书","伊庭研究室, 鶴岡研究室, 鈴村研究室, 坂井・入江研究室, 山崎研究室, 相澤・山肩・松井研究室, 長谷川研究室, 江崎・落合研究室, 相澤・山肩・松井研究室, 瀬崎・西山研究室, 豊田・根本・吉永・合田研究室, 豊田・根本・吉永・合田研究室, 杉浦研究室, 菅野研究室, 佐藤真一研究室, 越前研究室, 上條 俊介 研究室",https://www.i.u-tokyo.ac.jp/edu/entra/2026_admission-g_m_j.pdf,https://www.i.u-tokyo.ac.jp/edu/entra/index.shtml,,2025-11-13,,提醒：教务check进度,東京大学|情報理工学系研究科|冬入|2025-11-12,2,,,刘星炜,東京大学 - 情報理工学系研究科 - 電子情報学,正常,未检测到变化 2025-11-20 11:54:14,2025-11-20 11:54:14,
12,東京大学,情報理工学系研究科,システム情報学,冬入,一般入试,"1 S级,7 上位","帝大,国公立,首都圈","2026年4月,2026年10月","情报,机械",4天,"· 出愿受理：2025年11月12日-2025年11月18日。
",2025-11-12 09:00,2025-11-18 16:00,原則として令和 8（2026）年 1 月下旬から 2 月中旬の間に実施し，若干名を受け入れる．期日・場所の詳細は出願受付後に受験者専用サイトに掲示する,2026-01-19 10:00,2026-01-19 17:00,2026-02-12 23:00,口述試験においては，志望する研究分野に関する試問を行う．数学（微分積分，線形代数）の基礎，および，システム情報学の基礎に関して問うことがある．,,是,强烈建议套磁,零基础,不需要,TOFEL iBT,"仅接受托福送分，托福送分期限：2025年12月9日，要求
1. 出愿之前取得托福iBT成绩
2. 请在出愿前完成送分，如果错过，出愿后也可以送分
3. 出愿时填写的「入学願書作成入力フォーム」中要记录Appointment Number和考试日期","10英语成绩证明,6本科成绩单 英文版,7毕业证明 英文版,8学位证明 英文版,9预毕业证明 英文版,12志望理由书,17考试费支付证明",入学时要提交毕业证明、学位证明、成绩单原本,视情况而定,"纯面试，考验语言能力和科研能力
陶瓷套到了可以去考;2025年4月；2025年开始
可以选择当年10月入学","猿渡・高道研究室, 川嶋・宮嵜 研究室, 川嶋・宮嵜 研究室, 津村研究室, 天野・澤山研究室, 天野・澤山研究室, 中村・高瀬研究室, 稲見・門内研究室, 関谷研究室, システムズ薬理学教室, 品川研究室",https://www.i.u-tokyo.ac.jp/edu/entra/2026_admission-g_m_j.pdf,https://www.i.u-tokyo.ac.jp/edu/course/ipc/admission.shtml,,2025-11-13,,提醒：教务check进度,東京大学|情報理工学系研究科|冬入|2025-11-12,2,,,刘星炜,東京大学 - 情報理工学系研究科 - システム情報学,正常,未检测到变化 2025-11-20 11:54:19,2025-11-20 11:54:19,
14,東京大学,情報学環・学際情報学府・学際情報学専攻,社会情報学,冬入,一般入试,"1 S级,7 上位","帝大,国公立,首都圈",2026年4月,"情报,文科",27天,2025年12 月 9 日(火)～2025年12 月 11 日(木),2025-12-09 09:00,2025-12-11 16:00,"令和 8（2026）年 1 月 30 日（金）から 1 月 31 日（土）のうち、いずれか一日を指定する。二次選
考（口述試験）の詳細については、受験票とともに送付する「受験者心得」による。",2026-01-30 09:00,2026-01-30 16:00,2026-02-08 23:00,口述試験：研究計画、研究能力、社会人経験、志望動機に関し総合的に考査する。本人の説明時間は 7 分以内とする。,,是,强烈建议套磁,简单日语证明,需要,"TOFEL iBT,TOEIC Listening & Reading,IELTS","1.托福送分，出愿时提交 Appointment Number 。

2.TOEIC提交 デジタル公式認定証 或「Official Score Certificate」扫描后交pdf。

3.IELTS提交（Test Report Form）扫描件。
或者官方送分。","6本科成绩单 英文版,7毕业证明 英文版,8学位证明 英文版,9预毕业证明 英文版,10英语成绩证明,11日语成绩证明,13研究計画書,17考试费支付证明","自己推薦書
卒業論文等
日本語学力証明書",视情况而定,对rp的质量和方向契合度要求非常高，比较看科研实力和运气,,https://www.iii.u-tokyo.ac.jp/manage/wp-content/uploads/2025/10/2026W_guideM.pdf,http://www.iii.u-tokyo.ac.jp/admissions#master,,2025-11-13,,提醒：个人自动化通知,東京大学|情報学環・学際情報学府・学際情報学専攻|冬入|2025-12-09,14,唯一提醒,,刘星炜,東京大学 - 情報学環・学際情報学府・学際情報学専攻 - 社会情報学,正常,未检测到变化 2025-11-20 11:41:39,2025-11-20 11:41:39,
18,東京大学,情報学環・学際情報学府・学際情報学専攻,文化・人間情報学,冬入,一般入试,"1 S级,7 上位","帝大,国公立,首都圈",2026年4月,"情报,文科",27天,2025年12 月 9 日(火)～2025年12 月 11 日(木),2025-12-09 09:00,2025-12-11 16:00,"令和 8（2026）年 1 月 30 日（金）から 1 月 31 日（土）のうち、いずれか一日を指定する。二次選
考（口述試験）の詳細については、受験票とともに送付する「受験者心得」による。",2026-01-30 09:00,2026-01-30 16:00,2026-02-08 23:00,口述試験：基礎及び専門学力、研究能力及び研究計画について総合的に行う。本人の説明時間は 15 分以内とする。,,是,强烈建议套磁,简单日语证明,需要,"TOFEL iBT,TOEIC Listening & Reading,IELTS","1.托福送分，出愿时提交 Appointment Number 。

2.TOEIC提交 デジタル公式認定証 或「Official Score Certificate」扫描后交pdf。

3.IELTS提交（Test Report Form）扫描件。
或者官方送分。","6本科成绩单 英文版,7毕业证明 英文版,8学位证明 英文版,9预毕业证明 英文版,10英语成绩证明,11日语成绩证明,13研究計画書,14推荐信,17考试费支付证明","自己推薦書
研究成果物
日本語学力証明書",视情况而定,对rp的质量和方向契合度要求非常高，比较看科研实力和运气,,https://www.iii.u-tokyo.ac.jp/manage/wp-content/uploads/2024/10/2025W_guideM.pdf,http://www.iii.u-tokyo.ac.jp/admissions#master,,2025-11-13,,提醒：个人自动化通知,東京大学|情報学環・学際情報学府・学際情報学専攻|冬入|2025-12-09,14,,,刘星炜,東京大学 - 情報学環・学際情報学府・学際情報学専攻 - 文化・人間情報学,正常,未检测到变化 2025-11-20 11:41:44,2025-11-20 11:41:44,
22,東京大学,情報学環・学際情報学府・学際情報学専攻,総合分析情報学コース,冬入,一般入试,"1 S级,7 上位","帝大,国公立,首都圈",2026年4月,情报,27天,2025年12 月 9 日(火)～2025年12 月 11 日(木),2025-12-09 09:00,2025-12-11 16:00,"令和 8（2026）年 1 月 30 日（金）から 1 月 31 日（土）のうち、いずれか一日を指定する。二次選
考（口述試験）の詳細については、受験票とともに送付する「受験者心得」による。",2026-01-30 09:00,2026-01-30 16:00,2026-02-08 23:00,"· 口述試験：基礎及び専門学力、研究能力について総合的に行う。あらかじめ与えられた全受験者共通のテーマ(注）について発表を行うが、本人の説明時間は 7 分以内とする。
· (注) 発表の要項の詳細とテーマについては、受験票とともに送付される「受験者心得」により知らせる。",,是,强烈建议套磁,简单日语证明,需要,"TOFEL iBT,TOEIC Listening & Reading,IELTS","1.托福送分，出愿时提交 Appointment Number 。

2.TOEIC提交 デジタル公式認定証 或「Official Score Certificate」扫描后交pdf。

3.IELTS提交（Test Report Form）扫描件。
或者官方送分。","6本科成绩单 英文版,7毕业证明 英文版,8学位证明 英文版,9预毕业证明 英文版,10英语成绩证明,11日语成绩证明,13研究計画書,14推荐信,17考试费支付证明",日本語学力証明書,推荐,对rp的质量和方向契合度要求非常高，比较看科研实力和运气,,https://www.iii.u-tokyo.ac.jp/manage/wp-content/uploads/2024/10/2025W_guideM.pdf,http://www.iii.u-tokyo.ac.jp/admissions#master,,2025-11-13,,提醒：个人自动化通知,東京大学|情報学環・学際情報学府・学際情報学専攻|冬入|2025-12-09,14,,,刘星炜,東京大学 - 情報学環・学際情報学府・学際情報学専攻 - 総合分析情報学コース,正常,未检测到变化 2025-11-20 11:41:50,2025-11-20 11:41:50,
40,東京大学,新領域創成科学研究科,海洋技術環境学専攻,冬入,一般入试,"1 S级,7 上位","帝大,国公立,首都圈","2026年4月,2026年10月","情报,环境",3天,一般選抜・外国人等特別選考 令和 7 年 11 月 11 日（火）～17 日（月）23 時 00 分まで（日本時間）,2025-11-11 09:00,2025-11-17 16:00,2026年1⽉23⽇（金）* 尚、24日（土）は予備日とする,2026-01-23 10:00,2026-01-23 17:00,,"(1) 筆記試験
 ① 英語 ：TOEFLまたは TOEIC のスコア提出をもって英語の試験とする。 なお、TOEFLiBT Home Edition のスコアシートは有効とする。 TOEFL-ITP は実施しない。 
 ②専門科目
 ・専門基礎科目（論理的思考能力や数理的能力を問う問題）
出題範囲や過去問については専攻ウェブサイトを参照のこと
・出題されたテーマに関する小論文
(2) 口述試験
卒業研究および修士課程において希望する研究テーマに関
連する10 分程度の総合的な試問を行う。",,是,强烈建议套磁,日语听说能力,不需要,"TOFEL iBT,TOEIC Listening & Reading","【TOEFL】（1、2都需要做）
1 送分
2 线上出愿网站需提交“Test Taker Score Report”和Appointment Number（16 位数字）

【TOEIC】
提交TOEIC “Official Score Certificate”（公式認定証）扫描件","6本科成绩单 英文版,7毕业证明 英文版,8学位证明 英文版,10英语成绩证明,17考试费支付证明",GPA 集計表,推荐,-需要写小论文;虽然没有提交研究计划书的要求，但是面试会问研究计划相关的内容，所以建议准备一下,,https://www.otpe.k.u-tokyo.ac.jp/wp-content/uploads/2025/04/otpe_master_nyushijoho.pdf,https://www.k.u-tokyo.ac.jp/exam/info/,,2025-11-13,,提醒：教务check进度,東京大学|新領域創成科学研究科|冬入|2025-11-11,40,唯一提醒,,刘星炜,東京大学 - 新領域創成科学研究科 - 海洋技術環境学専攻,正常,未检测到变化 2025-11-20 11:41:55,2025-11-20 11:41:55,
42,東京大学,新領域創成科学研究科,環境システム学専攻,冬入,一般入试,"1 S级,7 上位","帝大,国公立,首都圈","2026年4月,2026年10月","情报,环境",3天,一般選抜出願期間：2025年11月11日から17日 23:00,2025-11-11 09:00,2025-11-17 16:00,令和8 (2026) 年1月13日（火）、14日（水）,2026-01-13 09:00,2026-01-13 16:00,2026-02-11 23:00,"【入試日程 B】
(1) 英語※ 1
 TOEFL のスコア提出をもって英語の試験とする。
(2) 専門科目※ 2
 筆記試験を行う。AとB の計 2 題を解答する。
A：環境システムに関する知識、理解力、洞察力を見る問題（小論
文形式）。
B：環境システムを理解する上で必要な基礎知識に関する問題。
(3) 口述試験
 総合的な試問を行う。卒業論文研究（卒業論文研究を行っていな
い場合はそれに代わるもの）の概要および修士課程における研究計画等を、それぞれ PowerPoint 等で作成したスライドを用いて7 分間で説明すること",,是,强烈建议套磁,零基础,不需要,TOFEL iBT,"仅托福（1、2都需要做）
1送分
2线上出愿网站需提交“Test Taker Score Report”和Appointment Number（16 位数字）
","6本科成绩单 英文版,7毕业证明 英文版,8学位证明 英文版,10英语成绩证明,17考试费支付证明",,推荐,笔试可日语/英语，回答也日语/英语皆可,,https://www.k.u-tokyo.ac.jp/assets/files/2026guidelines_for_applicants_to_mc.pdf,https://www.k.u-tokyo.ac.jp/exam/info/,,2025-11-13,,提醒：教务check进度,東京大学|新領域創成科学研究科|冬入|2025-11-11,40,,,刘星炜,東京大学 - 新領域創成科学研究科 - 環境システム学専攻,正常,未检测到变化 2025-11-20 11:42:00,2025-11-20 11:42:00,
44,東京大学,新領域創成科学研究科,人間環境学専攻,冬入,一般入试,"1 S级,7 上位","帝大,国公立,首都圈","2026年4月,2026年10月","情报,机械",3天,· 2025年11月11日（火）～17日（月）23:00（日本時間）（入試日程 B）,2025-11-11 09:00,2025-11-17 16:00,· 入試日程B：2026年1月24日（土） 柏キャンパス環境棟など,2026-01-24 09:00,2026-01-24 16:00,2026-02-11 23:00,"（2）入試日程 B
① 小論文
 卒業研究またはそれに代わるものとして在学時に行った同水準の研究プロジェクトに関して、日本語の小論文を提出する。提出された小論文と学部成績に基づき書類選考を行う。この書類選考を通過した者のみが英語試験・口述試験・面接試験の対象者となる。 （小論文のフォーマットと提出方法、および書類選考通過者の発表時期については、専攻ウェブサイトを確認すること。）
② 英語試験
 書類選考を通過した者に対して、英語能力の評価を行う。TOEFL※ 1のスコアシートの提出をもって英語の試験とする。ただし、スコアシートは書類選考の結果を待たず、定められた期間内にあらかじめ提出しておくこと。
③ 口述試験
 書類選考を通過した者に対して、研究計画能力、研究遂行能力、基礎知識などについて日本語または英語で試問する。
④ 面接試験
 書類選考を通過した者に対して、志望分野、研究意欲などについて日本語または英語で試問する。",,是,强制套磁,日语听说能力,需要,TOFEL iBT,"仅托福（1、2都需要做）
1送分
2线上出愿网站需提交“Test Taker Score Report”和Appointment Number（16 位数字）
","6本科成绩单 英文版,7毕业证明 英文版,8学位证明 英文版,10英语成绩证明,13研究計画書,14推荐信,17考试费支付证明",需要获得本科大学两位老师的推荐信。,推荐,合格后重新预定赴日的外籍志愿者，请在入学日程A中选择“4月入学”，在入学日程B中选择“10月入学”,,https://www.k.u-tokyo.ac.jp/assets/files/2026guidelines_for_applicants_to_mc.pdf,https://www.k.u-tokyo.ac.jp/exam/info/,,2025-11-13,,提醒：教务check进度,東京大学|新領域創成科学研究科|冬入|2025-11-11,40,,,刘星炜,東京大学 - 新領域創成科学研究科 - 人間環境学専攻,正常,未检测到变化 2025-11-20 11:42:00,2025-11-20 11:42:00,
50,東京大学,新領域創成科学研究科,メディカル情報生命専攻,冬入,一般入试,"1 S级,7 上位","帝大,国公立,首都圈","2026年4月,2026年10月","情报,生物",3天,一般選抜出願期間：2025年11月11日から17日 23:00,2025-11-11 09:00,2025-11-17 16:00,"· 筆記試験：2026年1月13日
· 口述試験：2026年1月14日 (MI)、15日 (CB/MS)
· 合格発表：2026年2月12日",2026-01-13 09:00,2026-01-13 16:00,2026-02-11 23:00,"1. 笔试（11选3）：根据生命科学、情報科学及其关联领域出题，共11题
情报：线性代数（推荐）、概率论与数理统计、图论、排序算法（推荐）、动态规划5个方面出5题
2. 线下面试：10min左右，7月下旬公布详细要求；面试结束后过一天就出结果
可能问到的问题如下（前辈们被问过的问题）：
1. 为什么报cbms，常见的确认意愿的问题
2. 第一志愿：问个人经历，学过深度学习否，专业学什么，读完修士后的个人规划，围绕rp
3. 第二志愿：象征性的问一下，为什么选择作为第二志愿，选择一志愿的理由
4. 实习经历/本科研究经历",,是,强制套磁,零基础,需要,"TOFEL iBT,TOEIC Listening & Reading","· TOEFL送分

· TOEIC送分","2中国高等教育学位认证报告翻译件（已毕业时）,6本科成绩单 英文版,7毕业证明 英文版,8学位证明 英文版,10英语成绩证明,11日语成绩证明,13研究計画書,17考试费支付证明",,推荐,"考试难度比情理略低，卷度基本相同;2025年4月或10月入学
在线提交资料，文书较多","森下研究室, 浅井研究室, 津田研究室, フリス研究室, 木立研究室, 角田研究室, 程研究室, 杉村研究室, 豊島研究室, 中戸研究室, 富井研究室, 齋藤研究室, 五斗研究室, 鈴木研究室",https://www.k.u-tokyo.ac.jp/assets/files/2026guidelines_for_applicants_to_mc.pdf,https://www.cbms.k.u-tokyo.ac.jp/admission/application/,,2025-11-13,,提醒：教务check进度,東京大学|新領域創成科学研究科|冬入|2025-11-11,40,,,刘星炜,東京大学 - 新領域創成科学研究科 - メディカル情報生命専攻,正常,未检测到变化 2025-11-20 11:42:00,2025-11-20 11:42:00,
